algorithm,family,metric,comparison,paired_groups,mean_delta,std_delta,median_delta,positive_delta_fraction
BFS,smooth_obstacles,trial_success_rate,medium_minus_easy,334,0.0,0.0,0.0,0.0
BFS,smooth_obstacles,trial_success_rate,hard_minus_medium,334,0.0,0.0,0.0,0.0
BFS,smooth_obstacles,trial_success_rate,hard_minus_easy,334,0.0,0.0,0.0,0.0
BFS,smooth_obstacles,runtime_mean_sec,medium_minus_easy,334,-0.01865,0.019849,-0.019643,0.182635
BFS,smooth_obstacles,runtime_mean_sec,hard_minus_medium,334,-0.018908,0.015913,-0.01654,0.131737
BFS,smooth_obstacles,runtime_mean_sec,hard_minus_easy,334,-0.037559,0.017948,-0.03748,0.020958
BFS,smooth_obstacles,weighted_cost_mean,medium_minus_easy,334,2.520059,2.610763,2.413456,0.901198
BFS,smooth_obstacles,weighted_cost_mean,hard_minus_medium,334,4.28599,3.94481,3.272381,0.979042
BFS,smooth_obstacles,weighted_cost_mean,hard_minus_easy,334,6.806049,4.725188,6.185828,0.961078
BFS,smooth_obstacles,cost_ratio_to_astar_mean,medium_minus_easy,334,-0.020056,0.054406,-0.008376,0.383234
BFS,smooth_obstacles,cost_ratio_to_astar_mean,hard_minus_medium,334,-0.00383,0.022979,-0.001208,0.437126
BFS,smooth_obstacles,cost_ratio_to_astar_mean,hard_minus_easy,334,-0.023885,0.055367,-0.011159,0.362275
BFS,rolling,trial_success_rate,medium_minus_easy,334,0.0,0.0,0.0,0.0
BFS,rolling,trial_success_rate,hard_minus_medium,334,0.0,0.0,0.0,0.0
BFS,rolling,trial_success_rate,hard_minus_easy,334,0.0,0.0,0.0,0.0
BFS,rolling,runtime_mean_sec,medium_minus_easy,334,-0.017336,0.019164,-0.018254,0.164671
BFS,rolling,runtime_mean_sec,hard_minus_medium,334,-0.007513,0.01802,-0.009905,0.275449
BFS,rolling,runtime_mean_sec,hard_minus_easy,334,-0.024849,0.023281,-0.027738,0.134731
BFS,rolling,weighted_cost_mean,medium_minus_easy,334,13.321459,11.856293,9.378495,0.991018
BFS,rolling,weighted_cost_mean,hard_minus_medium,334,14.670739,14.024349,9.286316,0.991018
BFS,rolling,weighted_cost_mean,hard_minus_easy,334,27.992197,15.663985,26.823335,1.0
BFS,rolling,cost_ratio_to_astar_mean,medium_minus_easy,334,0.009228,0.043092,0.010815,0.646707
BFS,rolling,cost_ratio_to_astar_mean,hard_minus_medium,334,-0.00101,0.03343,0.001347,0.547904
BFS,rolling,cost_ratio_to_astar_mean,hard_minus_easy,334,0.008218,0.046276,0.011382,0.640719
BFS,mountain,trial_success_rate,medium_minus_easy,334,0.0,0.0,0.0,0.0
BFS,mountain,trial_success_rate,hard_minus_medium,334,0.0,0.0,0.0,0.0
BFS,mountain,trial_success_rate,hard_minus_easy,334,0.0,0.0,0.0,0.0
BFS,mountain,runtime_mean_sec,medium_minus_easy,334,-0.01866,0.023219,-0.018333,0.191617
BFS,mountain,runtime_mean_sec,hard_minus_medium,334,-0.010036,0.017406,-0.010232,0.254491
BFS,mountain,runtime_mean_sec,hard_minus_easy,334,-0.028696,0.0249,-0.031217,0.113772
BFS,mountain,weighted_cost_mean,medium_minus_easy,334,15.835615,13.059103,12.541446,0.991018
BFS,mountain,weighted_cost_mean,hard_minus_medium,334,11.365076,11.89555,7.372273,0.988024
BFS,mountain,weighted_cost_mean,hard_minus_easy,334,27.200691,15.75055,23.76905,1.0
BFS,mountain,cost_ratio_to_astar_mean,medium_minus_easy,334,0.004172,0.047172,0.007474,0.613772
BFS,mountain,cost_ratio_to_astar_mean,hard_minus_medium,334,2.2e-05,0.029926,0.002809,0.568862
BFS,mountain,cost_ratio_to_astar_mean,hard_minus_easy,334,0.004195,0.043745,0.007317,0.628743
BFS,rugged,trial_success_rate,medium_minus_easy,334,0.0,0.0,0.0,0.0
BFS,rugged,trial_success_rate,hard_minus_medium,334,0.0,0.0,0.0,0.0
BFS,rugged,trial_success_rate,hard_minus_easy,334,0.0,0.0,0.0,0.0
BFS,rugged,runtime_mean_sec,medium_minus_easy,334,-0.015089,0.025122,-0.016707,0.254491
BFS,rugged,runtime_mean_sec,hard_minus_medium,334,-0.010177,0.022732,-0.011254,0.269461
BFS,rugged,runtime_mean_sec,hard_minus_easy,334,-0.025266,0.028543,-0.027586,0.182635
BFS,rugged,weighted_cost_mean,medium_minus_easy,334,19.625716,14.553369,15.722833,1.0
BFS,rugged,weighted_cost_mean,hard_minus_medium,334,15.342583,15.40264,9.617043,0.988024
BFS,rugged,weighted_cost_mean,hard_minus_easy,334,34.9683,16.957415,33.017599,1.0
BFS,rugged,cost_ratio_to_astar_mean,medium_minus_easy,334,0.003521,0.036375,0.006242,0.586826
BFS,rugged,cost_ratio_to_astar_mean,hard_minus_medium,334,-0.000148,0.028661,0.002023,0.538922
BFS,rugged,cost_ratio_to_astar_mean,hard_minus_easy,334,0.003373,0.036046,0.006516,0.583832
BFS,plateau,trial_success_rate,medium_minus_easy,334,0.0,0.0,0.0,0.0
BFS,plateau,trial_success_rate,hard_minus_medium,334,0.0,0.0,0.0,0.0
BFS,plateau,trial_success_rate,hard_minus_easy,334,0.0,0.0,0.0,0.0
BFS,plateau,runtime_mean_sec,medium_minus_easy,334,-0.002388,0.017064,-0.003533,0.341317
BFS,plateau,runtime_mean_sec,hard_minus_medium,334,-0.0019,0.017024,-0.002971,0.329341
BFS,plateau,runtime_mean_sec,hard_minus_easy,334,-0.004288,0.018994,-0.006463,0.362275
BFS,plateau,weighted_cost_mean,medium_minus_easy,334,1.740428,2.513702,0.839012,0.949102
BFS,plateau,weighted_cost_mean,hard_minus_medium,334,2.933012,2.903676,1.980207,0.991018
BFS,plateau,weighted_cost_mean,hard_minus_easy,334,4.67344,3.784527,3.420954,0.994012
BFS,plateau,cost_ratio_to_astar_mean,medium_minus_easy,334,-0.001312,0.019137,-0.000966,0.42515
BFS,plateau,cost_ratio_to_astar_mean,hard_minus_medium,334,0.008385,0.022433,0.004589,0.766467
BFS,plateau,cost_ratio_to_astar_mean,hard_minus_easy,334,0.007073,0.030587,0.003312,0.628743
Dijkstra,smooth_obstacles,trial_success_rate,medium_minus_easy,334,0.0,0.0,0.0,0.0
Dijkstra,smooth_obstacles,trial_success_rate,hard_minus_medium,334,0.0,0.0,0.0,0.0
Dijkstra,smooth_obstacles,trial_success_rate,hard_minus_easy,334,0.0,0.0,0.0,0.0
Dijkstra,smooth_obstacles,runtime_mean_sec,medium_minus_easy,334,-0.029976,0.009791,-0.028504,0.002994
Dijkstra,smooth_obstacles,runtime_mean_sec,hard_minus_medium,334,-0.017412,0.006932,-0.017889,0.026946
Dijkstra,smooth_obstacles,runtime_mean_sec,hard_minus_easy,334,-0.047388,0.012069,-0.047182,0.002994
Dijkstra,smooth_obstacles,weighted_cost_mean,medium_minus_easy,334,3.127471,1.490826,2.864801,1.0
Dijkstra,smooth_obstacles,weighted_cost_mean,hard_minus_medium,334,4.317537,3.695028,3.27308,1.0
Dijkstra,smooth_obstacles,weighted_cost_mean,hard_minus_easy,334,7.445008,3.972569,6.603568,1.0
Dijkstra,smooth_obstacles,cost_ratio_to_astar_mean,medium_minus_easy,334,0.0,0.0,0.0,0.0
Dijkstra,smooth_obstacles,cost_ratio_to_astar_mean,hard_minus_medium,334,0.0,0.0,0.0,0.0
Dijkstra,smooth_obstacles,cost_ratio_to_astar_mean,hard_minus_easy,334,0.0,0.0,0.0,0.0
Dijkstra,rolling,trial_success_rate,medium_minus_easy,334,0.0,0.0,0.0,0.0
Dijkstra,rolling,trial_success_rate,hard_minus_medium,334,0.0,0.0,0.0,0.0
Dijkstra,rolling,trial_success_rate,hard_minus_easy,334,0.0,0.0,0.0,0.0
Dijkstra,rolling,runtime_mean_sec,medium_minus_easy,334,-0.02158,0.016048,-0.024058,0.092814
Dijkstra,rolling,runtime_mean_sec,hard_minus_medium,334,-0.009921,0.012211,-0.012361,0.143713
Dijkstra,rolling,runtime_mean_sec,hard_minus_easy,334,-0.031501,0.020977,-0.03648,0.083832
Dijkstra,rolling,weighted_cost_mean,medium_minus_easy,334,12.503032,11.171652,8.956084,1.0
Dijkstra,rolling,weighted_cost_mean,hard_minus_medium,334,14.148199,13.391145,8.82095,1.0
Dijkstra,rolling,weighted_cost_mean,hard_minus_easy,334,26.651231,14.907383,25.371913,1.0
Dijkstra,rolling,cost_ratio_to_astar_mean,medium_minus_easy,334,0.0,0.0,0.0,0.0
Dijkstra,rolling,cost_ratio_to_astar_mean,hard_minus_medium,334,0.0,0.0,0.0,0.0
Dijkstra,rolling,cost_ratio_to_astar_mean,hard_minus_easy,334,0.0,0.0,0.0,0.0
Dijkstra,mountain,trial_success_rate,medium_minus_easy,334,0.0,0.0,0.0,0.0
Dijkstra,mountain,trial_success_rate,hard_minus_medium,334,0.0,0.0,0.0,0.0
Dijkstra,mountain,trial_success_rate,hard_minus_easy,334,0.0,0.0,0.0,0.0
Dijkstra,mountain,runtime_mean_sec,medium_minus_easy,334,-0.021676,0.016894,-0.025033,0.101796
Dijkstra,mountain,runtime_mean_sec,hard_minus_medium,334,-0.011227,0.01001,-0.011969,0.071856
Dijkstra,mountain,runtime_mean_sec,hard_minus_easy,334,-0.032903,0.020432,-0.037708,0.083832
Dijkstra,mountain,weighted_cost_mean,medium_minus_easy,334,15.110375,12.289872,11.372673,1.0
Dijkstra,mountain,weighted_cost_mean,hard_minus_medium,334,10.929825,11.435474,6.945855,1.0
Dijkstra,mountain,weighted_cost_mean,hard_minus_easy,334,26.040199,15.020171,22.520057,1.0
Dijkstra,mountain,cost_ratio_to_astar_mean,medium_minus_easy,334,0.0,0.0,0.0,0.0
Dijkstra,mountain,cost_ratio_to_astar_mean,hard_minus_medium,334,0.0,0.0,0.0,0.0
Dijkstra,mountain,cost_ratio_to_astar_mean,hard_minus_easy,334,0.0,0.0,0.0,0.0
Dijkstra,rugged,trial_success_rate,medium_minus_easy,334,0.0,0.0,0.0,0.0
Dijkstra,rugged,trial_success_rate,hard_minus_medium,334,0.0,0.0,0.0,0.0
Dijkstra,rugged,trial_success_rate,hard_minus_easy,334,0.0,0.0,0.0,0.0
Dijkstra,rugged,runtime_mean_sec,medium_minus_easy,334,-0.019403,0.01917,-0.021768,0.140719
Dijkstra,rugged,runtime_mean_sec,hard_minus_medium,334,-0.009598,0.014024,-0.010854,0.191617
Dijkstra,rugged,runtime_mean_sec,hard_minus_easy,334,-0.029002,0.023362,-0.032832,0.137725
Dijkstra,rugged,weighted_cost_mean,medium_minus_easy,334,18.781282,13.824559,15.431866,1.0
Dijkstra,rugged,weighted_cost_mean,hard_minus_medium,334,14.833954,14.771303,9.095252,1.0
Dijkstra,rugged,weighted_cost_mean,hard_minus_easy,334,33.615236,16.301421,31.944005,1.0
Dijkstra,rugged,cost_ratio_to_astar_mean,medium_minus_easy,334,0.0,0.0,0.0,0.0
Dijkstra,rugged,cost_ratio_to_astar_mean,hard_minus_medium,334,0.0,0.0,0.0,0.0
Dijkstra,rugged,cost_ratio_to_astar_mean,hard_minus_easy,334,0.0,0.0,0.0,0.0
Dijkstra,plateau,trial_success_rate,medium_minus_easy,334,0.0,0.0,0.0,0.0
Dijkstra,plateau,trial_success_rate,hard_minus_medium,334,0.0,0.0,0.0,0.0
Dijkstra,plateau,trial_success_rate,hard_minus_easy,334,0.0,0.0,0.0,0.0
Dijkstra,plateau,runtime_mean_sec,medium_minus_easy,334,-0.005053,0.008569,-0.004961,0.128743
Dijkstra,plateau,runtime_mean_sec,hard_minus_medium,334,-0.003763,0.006906,-0.004289,0.128743
Dijkstra,plateau,runtime_mean_sec,hard_minus_easy,334,-0.008816,0.010455,-0.009329,0.134731
Dijkstra,plateau,weighted_cost_mean,medium_minus_easy,334,1.752474,2.366918,0.821722,1.0
Dijkstra,plateau,weighted_cost_mean,hard_minus_medium,334,2.614817,2.740881,1.754331,1.0
Dijkstra,plateau,weighted_cost_mean,hard_minus_easy,334,4.367291,3.567483,3.085724,1.0
Dijkstra,plateau,cost_ratio_to_astar_mean,medium_minus_easy,334,0.0,0.0,0.0,0.0
Dijkstra,plateau,cost_ratio_to_astar_mean,hard_minus_medium,334,0.0,0.0,0.0,0.0
Dijkstra,plateau,cost_ratio_to_astar_mean,hard_minus_easy,334,0.0,0.0,0.0,0.0
A_Star,smooth_obstacles,trial_success_rate,medium_minus_easy,334,0.0,0.0,0.0,0.0
A_Star,smooth_obstacles,trial_success_rate,hard_minus_medium,334,0.0,0.0,0.0,0.0
A_Star,smooth_obstacles,trial_success_rate,hard_minus_easy,334,0.0,0.0,0.0,0.0
A_Star,smooth_obstacles,runtime_mean_sec,medium_minus_easy,334,-0.002722,0.008366,-0.002645,0.338323
A_Star,smooth_obstacles,runtime_mean_sec,hard_minus_medium,334,0.001592,0.008428,-0.000404,0.467066
A_Star,smooth_obstacles,runtime_mean_sec,hard_minus_easy,334,-0.00113,0.012006,-0.002304,0.44012
A_Star,smooth_obstacles,weighted_cost_mean,medium_minus_easy,334,3.127471,1.490826,2.864801,1.0
A_Star,smooth_obstacles,weighted_cost_mean,hard_minus_medium,334,4.317537,3.695028,3.27308,1.0
A_Star,smooth_obstacles,weighted_cost_mean,hard_minus_easy,334,7.445008,3.972569,6.603568,1.0
A_Star,smooth_obstacles,cost_ratio_to_astar_mean,medium_minus_easy,334,0.0,0.0,0.0,0.0
A_Star,smooth_obstacles,cost_ratio_to_astar_mean,hard_minus_medium,334,0.0,0.0,0.0,0.0
A_Star,smooth_obstacles,cost_ratio_to_astar_mean,hard_minus_easy,334,0.0,0.0,0.0,0.0
A_Star,rolling,trial_success_rate,medium_minus_easy,334,0.0,0.0,0.0,0.0
A_Star,rolling,trial_success_rate,hard_minus_medium,334,0.0,0.0,0.0,0.0
A_Star,rolling,trial_success_rate,hard_minus_easy,334,0.0,0.0,0.0,0.0
A_Star,rolling,runtime_mean_sec,medium_minus_easy,334,0.012164,0.01621,0.008764,0.778443
A_Star,rolling,runtime_mean_sec,hard_minus_medium,334,0.00465,0.015197,0.000239,0.520958
A_Star,rolling,runtime_mean_sec,hard_minus_easy,334,0.016814,0.018571,0.015942,0.826347
A_Star,rolling,weighted_cost_mean,medium_minus_easy,334,12.503032,11.171652,8.956084,1.0
A_Star,rolling,weighted_cost_mean,hard_minus_medium,334,14.148199,13.391145,8.82095,1.0
A_Star,rolling,weighted_cost_mean,hard_minus_easy,334,26.651231,14.907383,25.371913,1.0
A_Star,rolling,cost_ratio_to_astar_mean,medium_minus_easy,334,0.0,0.0,0.0,0.0
A_Star,rolling,cost_ratio_to_astar_mean,hard_minus_medium,334,0.0,0.0,0.0,0.0
A_Star,rolling,cost_ratio_to_astar_mean,hard_minus_easy,334,0.0,0.0,0.0,0.0
A_Star,mountain,trial_success_rate,medium_minus_easy,334,0.0,0.0,0.0,0.0
A_Star,mountain,trial_success_rate,hard_minus_medium,334,0.0,0.0,0.0,0.0
A_Star,mountain,trial_success_rate,hard_minus_easy,334,0.0,0.0,0.0,0.0
A_Star,mountain,runtime_mean_sec,medium_minus_easy,334,0.01343,0.017282,0.010689,0.799401
A_Star,mountain,runtime_mean_sec,hard_minus_medium,334,-0.000114,0.012858,-0.002394,0.344311
A_Star,mountain,runtime_mean_sec,hard_minus_easy,334,0.013316,0.018046,0.012613,0.775449
A_Star,mountain,weighted_cost_mean,medium_minus_easy,334,15.110375,12.289872,11.372673,1.0
A_Star,mountain,weighted_cost_mean,hard_minus_medium,334,10.929825,11.435474,6.945855,1.0
A_Star,mountain,weighted_cost_mean,hard_minus_easy,334,26.040199,15.020171,22.520057,1.0
A_Star,mountain,cost_ratio_to_astar_mean,medium_minus_easy,334,0.0,0.0,0.0,0.0
A_Star,mountain,cost_ratio_to_astar_mean,hard_minus_medium,334,0.0,0.0,0.0,0.0
A_Star,mountain,cost_ratio_to_astar_mean,hard_minus_easy,334,0.0,0.0,0.0,0.0
A_Star,rugged,trial_success_rate,medium_minus_easy,334,0.0,0.0,0.0,0.0
A_Star,rugged,trial_success_rate,hard_minus_medium,334,0.0,0.0,0.0,0.0
A_Star,rugged,trial_success_rate,hard_minus_easy,334,0.0,0.0,0.0,0.0
A_Star,rugged,runtime_mean_sec,medium_minus_easy,334,0.018937,0.019528,0.016711,0.847305
A_Star,rugged,runtime_mean_sec,hard_minus_medium,334,0.003443,0.021801,-0.001757,0.407186
A_Star,rugged,runtime_mean_sec,hard_minus_easy,334,0.022381,0.02275,0.022902,0.886228
A_Star,rugged,weighted_cost_mean,medium_minus_easy,334,18.781282,13.824559,15.431866,1.0
A_Star,rugged,weighted_cost_mean,hard_minus_medium,334,14.833954,14.771303,9.095252,1.0
A_Star,rugged,weighted_cost_mean,hard_minus_easy,334,33.615236,16.301421,31.944005,1.0
A_Star,rugged,cost_ratio_to_astar_mean,medium_minus_easy,334,0.0,0.0,0.0,0.0
A_Star,rugged,cost_ratio_to_astar_mean,hard_minus_medium,334,0.0,0.0,0.0,0.0
A_Star,rugged,cost_ratio_to_astar_mean,hard_minus_easy,334,0.0,0.0,0.0,0.0
A_Star,plateau,trial_success_rate,medium_minus_easy,334,0.0,0.0,0.0,0.0
A_Star,plateau,trial_success_rate,hard_minus_medium,334,0.0,0.0,0.0,0.0
A_Star,plateau,trial_success_rate,hard_minus_easy,334,0.0,0.0,0.0,0.0
A_Star,plateau,runtime_mean_sec,medium_minus_easy,334,0.003155,0.007615,0.000948,0.622754
A_Star,plateau,runtime_mean_sec,hard_minus_medium,334,0.005797,0.008034,0.003433,0.823353
A_Star,plateau,runtime_mean_sec,hard_minus_easy,334,0.008952,0.010468,0.006188,0.814371
A_Star,plateau,weighted_cost_mean,medium_minus_easy,334,1.752474,2.366918,0.821722,1.0
A_Star,plateau,weighted_cost_mean,hard_minus_medium,334,2.614817,2.740881,1.754331,1.0
A_Star,plateau,weighted_cost_mean,hard_minus_easy,334,4.367291,3.567483,3.085724,1.0
A_Star,plateau,cost_ratio_to_astar_mean,medium_minus_easy,334,0.0,0.0,0.0,0.0
A_Star,plateau,cost_ratio_to_astar_mean,hard_minus_medium,334,0.0,0.0,0.0,0.0
A_Star,plateau,cost_ratio_to_astar_mean,hard_minus_easy,334,0.0,0.0,0.0,0.0
PRM,smooth_obstacles,trial_success_rate,medium_minus_easy,334,0.0,0.0,0.0,0.0
PRM,smooth_obstacles,trial_success_rate,hard_minus_medium,334,-0.000599,0.010944,0.0,0.0
PRM,smooth_obstacles,trial_success_rate,hard_minus_easy,334,-0.000599,0.010944,0.0,0.0
PRM,smooth_obstacles,runtime_mean_sec,medium_minus_easy,334,-0.005018,0.00755,-0.005024,0.110778
PRM,smooth_obstacles,runtime_mean_sec,hard_minus_medium,334,-0.003844,0.00648,-0.003642,0.170659
PRM,smooth_obstacles,runtime_mean_sec,hard_minus_easy,334,-0.008861,0.005432,-0.008558,0.008982
PRM,smooth_obstacles,weighted_cost_mean,medium_minus_easy,334,3.621861,1.637552,3.349132,1.0
PRM,smooth_obstacles,weighted_cost_mean,hard_minus_medium,334,4.835953,4.194967,3.551153,1.0
PRM,smooth_obstacles,weighted_cost_mean,hard_minus_easy,334,8.457814,4.49036,7.446657,1.0
PRM,smooth_obstacles,cost_ratio_to_astar_mean,medium_minus_easy,334,0.007992,0.021786,0.008699,0.646707
PRM,smooth_obstacles,cost_ratio_to_astar_mean,hard_minus_medium,334,0.004588,0.027807,0.001418,0.550898
PRM,smooth_obstacles,cost_ratio_to_astar_mean,hard_minus_easy,334,0.01258,0.028178,0.011631,0.703593
PRM,rolling,trial_success_rate,medium_minus_easy,334,-0.059281,0.173172,0.0,0.0
PRM,rolling,trial_success_rate,hard_minus_medium,334,-0.337126,0.367442,-0.2,0.020958
PRM,rolling,trial_success_rate,hard_minus_easy,334,-0.396407,0.385922,-0.2,0.002994
PRM,rolling,runtime_mean_sec,medium_minus_easy,334,-0.003813,0.003626,-0.003968,0.143713
PRM,rolling,runtime_mean_sec,hard_minus_medium,334,-0.003195,0.00336,-0.003088,0.167665
PRM,rolling,runtime_mean_sec,hard_minus_easy,334,-0.007008,0.003342,-0.006952,0.01497
PRM,rolling,weighted_cost_mean,medium_minus_easy,331,15.101597,12.126617,11.952585,1.0
PRM,rolling,weighted_cost_mean,hard_minus_medium,280,13.697365,13.38375,8.843877,0.992857
PRM,rolling,weighted_cost_mean,hard_minus_easy,281,27.740727,15.289066,26.416802,1.0
PRM,rolling,cost_ratio_to_astar_mean,medium_minus_easy,331,0.062789,0.219864,0.016029,0.697885
PRM,rolling,cost_ratio_to_astar_mean,hard_minus_medium,280,-0.02742,0.157316,-0.005294,0.435714
PRM,rolling,cost_ratio_to_astar_mean,hard_minus_easy,281,0.016991,0.072839,0.010076,0.604982
PRM,mountain,trial_success_rate,medium_minus_easy,334,-0.092814,0.213386,0.0,0.0
PRM,mountain,trial_success_rate,hard_minus_medium,334,-0.355689,0.35338,-0.2,0.01497
PRM,mountain,trial_success_rate,hard_minus_easy,334,-0.448503,0.377976,-0.4,0.0
PRM,mountain,runtime_mean_sec,medium_minus_easy,334,-0.003605,0.004654,-0.003388,0.188623
PRM,mountain,runtime_mean_sec,hard_minus_medium,334,-0.002071,0.004779,-0.002191,0.266467
PRM,mountain,runtime_mean_sec,hard_minus_easy,334,-0.005676,0.004036,-0.005885,0.062874
PRM,mountain,weighted_cost_mean,medium_minus_easy,327,17.210339,12.890185,13.855537,1.0
PRM,mountain,weighted_cost_mean,hard_minus_medium,270,10.471399,10.476834,7.32576,0.992593
PRM,mountain,weighted_cost_mean,hard_minus_easy,271,26.548482,15.152944,22.991923,1.0
PRM,mountain,cost_ratio_to_astar_mean,medium_minus_easy,327,0.032159,0.191967,0.008363,0.559633
PRM,mountain,cost_ratio_to_astar_mean,hard_minus_medium,270,-0.045581,0.180095,-0.009799,0.362963
PRM,mountain,cost_ratio_to_astar_mean,hard_minus_easy,271,-0.008642,0.096179,0.000423,0.505535
PRM,rugged,trial_success_rate,medium_minus_easy,334,-0.120958,0.233483,0.0,0.002994
PRM,rugged,trial_success_rate,hard_minus_medium,334,-0.422156,0.369872,-0.4,0.023952
PRM,rugged,trial_success_rate,hard_minus_easy,334,-0.543114,0.386247,-0.6,0.002994
PRM,rugged,runtime_mean_sec,medium_minus_easy,334,-0.004853,0.007578,-0.004698,0.143713
PRM,rugged,runtime_mean_sec,hard_minus_medium,334,-0.002937,0.006003,-0.002605,0.227545
PRM,rugged,runtime_mean_sec,hard_minus_easy,334,-0.00779,0.007334,-0.007412,0.047904
PRM,rugged,weighted_cost_mean,medium_minus_easy,329,23.507584,15.181453,20.604943,1.0
PRM,rugged,weighted_cost_mean,hard_minus_medium,244,12.155642,12.205688,7.938638,1.0
PRM,rugged,weighted_cost_mean,hard_minus_easy,244,34.474679,17.555268,31.183215,1.0
PRM,rugged,cost_ratio_to_astar_mean,medium_minus_easy,329,0.089824,0.349653,0.011344,0.583587
PRM,rugged,cost_ratio_to_astar_mean,hard_minus_medium,244,-0.110832,0.327267,-0.015418,0.340164
PRM,rugged,cost_ratio_to_astar_mean,hard_minus_easy,244,-0.023798,0.135788,-0.012475,0.409836
PRM,plateau,trial_success_rate,medium_minus_easy,334,0.0,0.0,0.0,0.0
PRM,plateau,trial_success_rate,hard_minus_medium,334,0.0,0.0,0.0,0.0
PRM,plateau,trial_success_rate,hard_minus_easy,334,0.0,0.0,0.0,0.0
PRM,plateau,runtime_mean_sec,medium_minus_easy,334,0.000484,0.005361,0.000467,0.595808
PRM,plateau,runtime_mean_sec,hard_minus_medium,334,-0.000481,0.003809,-0.000467,0.377246
PRM,plateau,runtime_mean_sec,hard_minus_easy,334,2e-06,0.005222,3.6e-05,0.508982
PRM,plateau,weighted_cost_mean,medium_minus_easy,334,1.869977,2.460816,1.051179,0.907186
PRM,plateau,weighted_cost_mean,hard_minus_medium,334,2.576636,1.977485,2.18825,0.98503
PRM,plateau,weighted_cost_mean,hard_minus_easy,334,4.446613,3.353894,3.619672,1.0
PRM,plateau,cost_ratio_to_astar_mean,medium_minus_easy,334,0.000905,0.11825,-0.000867,0.482036
PRM,plateau,cost_ratio_to_astar_mean,hard_minus_medium,334,-0.013377,0.109757,0.004211,0.57485
PRM,plateau,cost_ratio_to_astar_mean,hard_minus_easy,334,-0.012472,0.080255,-0.001705,0.47006
RRT_Connect,smooth_obstacles,trial_success_rate,medium_minus_easy,334,0.0,0.0,0.0,0.0
RRT_Connect,smooth_obstacles,trial_success_rate,hard_minus_medium,334,0.0,0.0,0.0,0.0
RRT_Connect,smooth_obstacles,trial_success_rate,hard_minus_easy,334,0.0,0.0,0.0,0.0
RRT_Connect,smooth_obstacles,runtime_mean_sec,medium_minus_easy,334,0.001244,0.001556,0.000934,0.907186
RRT_Connect,smooth_obstacles,runtime_mean_sec,hard_minus_medium,334,0.002679,0.004608,0.001367,0.859281
RRT_Connect,smooth_obstacles,runtime_mean_sec,hard_minus_easy,334,0.003923,0.004859,0.002642,0.97006
RRT_Connect,smooth_obstacles,weighted_cost_mean,medium_minus_easy,334,6.092038,4.80991,5.320204,0.937126
RRT_Connect,smooth_obstacles,weighted_cost_mean,hard_minus_medium,334,5.351113,4.742881,4.939812,0.889222
RRT_Connect,smooth_obstacles,weighted_cost_mean,hard_minus_easy,334,11.443151,6.287225,10.394527,0.98503
RRT_Connect,smooth_obstacles,cost_ratio_to_astar_mean,medium_minus_easy,334,0.04714,0.12569,0.033896,0.637725
RRT_Connect,smooth_obstacles,cost_ratio_to_astar_mean,hard_minus_medium,334,-0.020438,0.131979,-0.013857,0.443114
RRT_Connect,smooth_obstacles,cost_ratio_to_astar_mean,hard_minus_easy,334,0.026702,0.141748,0.021945,0.565868
RRT_Connect,rolling,trial_success_rate,medium_minus_easy,334,-0.016168,0.082613,0.0,0.0
RRT_Connect,rolling,trial_success_rate,hard_minus_medium,334,-0.205988,0.328012,0.0,0.005988
RRT_Connect,rolling,trial_success_rate,hard_minus_easy,334,-0.222156,0.338678,0.0,0.0
RRT_Connect,rolling,runtime_mean_sec,medium_minus_easy,334,0.026607,0.063761,0.004948,0.928144
RRT_Connect,rolling,runtime_mean_sec,hard_minus_medium,334,0.11703,0.135812,0.062306,0.92515
RRT_Connect,rolling,runtime_mean_sec,hard_minus_easy,334,0.143638,0.15162,0.080047,0.98503
RRT_Connect,rolling,weighted_cost_mean,medium_minus_easy,334,20.185797,14.816073,17.058428,0.98503
RRT_Connect,rolling,weighted_cost_mean,hard_minus_medium,304,15.470574,16.868232,9.652535,0.927632
RRT_Connect,rolling,weighted_cost_mean,hard_minus_easy,304,34.893831,18.223649,33.979945,1.0
RRT_Connect,rolling,cost_ratio_to_astar_mean,medium_minus_easy,334,0.099492,0.369238,0.05449,0.610778
RRT_Connect,rolling,cost_ratio_to_astar_mean,hard_minus_medium,304,-0.084966,0.357868,-0.038485,0.388158
RRT_Connect,rolling,cost_ratio_to_astar_mean,hard_minus_easy,304,0.020193,0.296805,0.036003,0.536184
RRT_Connect,mountain,trial_success_rate,medium_minus_easy,334,-0.02994,0.140576,0.0,0.0
RRT_Connect,mountain,trial_success_rate,hard_minus_medium,334,-0.225749,0.319057,0.0,0.005988
RRT_Connect,mountain,trial_success_rate,hard_minus_easy,334,-0.255689,0.334431,0.0,0.0
RRT_Connect,mountain,runtime_mean_sec,medium_minus_easy,334,0.039036,0.084518,0.008848,0.949102
RRT_Connect,mountain,runtime_mean_sec,hard_minus_medium,334,0.127488,0.138511,0.071672,0.931138
RRT_Connect,mountain,runtime_mean_sec,hard_minus_easy,334,0.166524,0.155048,0.116095,0.997006
RRT_Connect,mountain,weighted_cost_mean,medium_minus_easy,331,21.843613,15.274681,17.977447,0.996979
RRT_Connect,mountain,weighted_cost_mean,hard_minus_medium,306,11.344411,12.82374,8.551305,0.905229
RRT_Connect,mountain,weighted_cost_mean,hard_minus_easy,306,32.48401,17.634223,28.370914,1.0
RRT_Connect,mountain,cost_ratio_to_astar_mean,medium_minus_easy,331,0.035565,0.421796,0.035189,0.583082
RRT_Connect,mountain,cost_ratio_to_astar_mean,hard_minus_medium,306,-0.082324,0.29634,-0.031376,0.379085
RRT_Connect,mountain,cost_ratio_to_astar_mean,hard_minus_easy,306,-0.045575,0.344154,-0.01082,0.48366
RRT_Connect,rugged,trial_success_rate,medium_minus_easy,334,-0.045509,0.150557,0.0,0.0
RRT_Connect,rugged,trial_success_rate,hard_minus_medium,334,-0.301198,0.343011,-0.2,0.011976
RRT_Connect,rugged,trial_success_rate,hard_minus_easy,334,-0.346707,0.371554,-0.2,0.0
RRT_Connect,rugged,runtime_mean_sec,medium_minus_easy,334,0.057195,0.085631,0.020652,0.991018
RRT_Connect,rugged,runtime_mean_sec,hard_minus_medium,334,0.131995,0.120968,0.102024,0.943114
RRT_Connect,rugged,runtime_mean_sec,hard_minus_easy,334,0.18919,0.141542,0.176463,0.994012
RRT_Connect,rugged,weighted_cost_mean,medium_minus_easy,332,27.456376,17.899133,24.394009,0.98494
RRT_Connect,rugged,weighted_cost_mean,hard_minus_medium,288,13.381122,14.966594,9.145468,0.944444
RRT_Connect,rugged,weighted_cost_mean,hard_minus_easy,289,39.844933,19.835034,36.655979,1.0
RRT_Connect,rugged,cost_ratio_to_astar_mean,medium_minus_easy,332,0.052193,0.579863,0.01564,0.53012
RRT_Connect,rugged,cost_ratio_to_astar_mean,hard_minus_medium,288,-0.19234,0.478354,-0.057813,0.3125
RRT_Connect,rugged,cost_ratio_to_astar_mean,hard_minus_easy,289,-0.123267,0.376756,-0.063091,0.422145
RRT_Connect,plateau,trial_success_rate,medium_minus_easy,334,0.0,0.0,0.0,0.0
RRT_Connect,plateau,trial_success_rate,hard_minus_medium,334,0.0,0.0,0.0,0.0
RRT_Connect,plateau,trial_success_rate,hard_minus_easy,334,0.0,0.0,0.0,0.0
RRT_Connect,plateau,runtime_mean_sec,medium_minus_easy,334,0.000557,0.000908,0.000238,0.802395
RRT_Connect,plateau,runtime_mean_sec,hard_minus_medium,334,0.000575,0.001242,0.000225,0.706587
RRT_Connect,plateau,runtime_mean_sec,hard_minus_easy,334,0.001132,0.001427,0.000625,0.865269
RRT_Connect,plateau,weighted_cost_mean,medium_minus_easy,334,3.949836,5.257462,2.469288,0.817365
RRT_Connect,plateau,weighted_cost_mean,hard_minus_medium,334,4.783303,6.579233,3.216567,0.871257
RRT_Connect,plateau,weighted_cost_mean,hard_minus_easy,334,8.733139,7.870775,6.160842,0.958084
RRT_Connect,plateau,cost_ratio_to_astar_mean,medium_minus_easy,334,0.053446,0.125724,0.036923,0.676647
RRT_Connect,plateau,cost_ratio_to_astar_mean,hard_minus_medium,334,0.039213,0.145785,0.025474,0.601796
RRT_Connect,plateau,cost_ratio_to_astar_mean,hard_minus_easy,334,0.092659,0.164635,0.060777,0.742515
RRT_Star,smooth_obstacles,trial_success_rate,medium_minus_easy,334,0.0,0.0,0.0,0.0
RRT_Star,smooth_obstacles,trial_success_rate,hard_minus_medium,334,0.0,0.0,0.0,0.0
RRT_Star,smooth_obstacles,trial_success_rate,hard_minus_easy,334,0.0,0.0,0.0,0.0
RRT_Star,smooth_obstacles,runtime_mean_sec,medium_minus_easy,334,-0.201703,0.13853,-0.207206,0.05988
RRT_Star,smooth_obstacles,runtime_mean_sec,hard_minus_medium,334,-0.218538,0.143245,-0.199044,0.017964
RRT_Star,smooth_obstacles,runtime_mean_sec,hard_minus_easy,334,-0.420241,0.177771,-0.397774,0.0
RRT_Star,smooth_obstacles,weighted_cost_mean,medium_minus_easy,334,3.110685,1.49114,2.856061,1.0
RRT_Star,smooth_obstacles,weighted_cost_mean,hard_minus_medium,334,4.437306,3.768627,3.319361,1.0
RRT_Star,smooth_obstacles,weighted_cost_mean,hard_minus_easy,334,7.547991,4.070417,6.811383,1.0
RRT_Star,smooth_obstacles,cost_ratio_to_astar_mean,medium_minus_easy,334,-0.001296,0.005477,-0.001122,0.392216
RRT_Star,smooth_obstacles,cost_ratio_to_astar_mean,hard_minus_medium,334,0.002027,0.02132,-0.001397,0.386228
RRT_Star,smooth_obstacles,cost_ratio_to_astar_mean,hard_minus_easy,334,0.000731,0.021497,-0.00214,0.332335
RRT_Star,rolling,trial_success_rate,medium_minus_easy,334,-0.026347,0.122145,0.0,0.0
RRT_Star,rolling,trial_success_rate,hard_minus_medium,334,-0.252695,0.343592,0.0,0.002994
RRT_Star,rolling,trial_success_rate,hard_minus_easy,334,-0.279042,0.362811,0.0,0.0
RRT_Star,rolling,runtime_mean_sec,medium_minus_easy,334,-0.760723,0.562853,-0.593588,0.0
RRT_Star,rolling,runtime_mean_sec,hard_minus_medium,334,-1.055852,0.777141,-0.867333,0.02994
RRT_Star,rolling,runtime_mean_sec,hard_minus_easy,334,-1.816576,0.929026,-1.590775,0.0
RRT_Star,rolling,weighted_cost_mean,medium_minus_easy,332,13.227664,11.268561,9.626806,1.0
RRT_Star,rolling,weighted_cost_mean,hard_minus_medium,294,13.704372,12.761163,9.001469,0.993197
RRT_Star,rolling,weighted_cost_mean,hard_minus_easy,295,25.970277,14.613904,24.884957,1.0
RRT_Star,rolling,cost_ratio_to_astar_mean,medium_minus_easy,332,0.025212,0.116957,0.000999,0.569277
RRT_Star,rolling,cost_ratio_to_astar_mean,hard_minus_medium,294,-0.015496,0.116811,-0.000583,0.472789
RRT_Star,rolling,cost_ratio_to_astar_mean,hard_minus_easy,295,0.007594,0.04261,0.001538,0.559322
RRT_Star,mountain,trial_success_rate,medium_minus_easy,334,-0.031138,0.138592,0.0,0.0
RRT_Star,mountain,trial_success_rate,hard_minus_medium,334,-0.264072,0.339001,-0.1,0.005988
RRT_Star,mountain,trial_success_rate,hard_minus_easy,334,-0.29521,0.355025,-0.2,0.0
RRT_Star,mountain,runtime_mean_sec,medium_minus_easy,334,-0.852675,0.47293,-0.762119,0.002994
RRT_Star,mountain,runtime_mean_sec,hard_minus_medium,334,-0.958169,0.70809,-0.796349,0.020958
RRT_Star,mountain,runtime_mean_sec,hard_minus_easy,334,-1.810845,0.789603,-1.685528,0.0
RRT_Star,mountain,weighted_cost_mean,medium_minus_easy,331,15.587283,12.32379,12.091204,1.0
RRT_Star,mountain,weighted_cost_mean,hard_minus_medium,296,10.010798,9.656444,7.023534,1.0
RRT_Star,mountain,weighted_cost_mean,hard_minus_easy,296,25.153651,14.376786,22.331494,1.0
RRT_Star,mountain,cost_ratio_to_astar_mean,medium_minus_easy,331,0.012431,0.113537,-0.000321,0.483384
RRT_Star,mountain,cost_ratio_to_astar_mean,hard_minus_medium,296,-0.011457,0.094193,0.00023,0.530405
RRT_Star,mountain,cost_ratio_to_astar_mean,hard_minus_easy,296,-0.001652,0.070511,0.000421,0.513514
RRT_Star,rugged,trial_success_rate,medium_minus_easy,334,-0.058683,0.183147,0.0,0.0
RRT_Star,rugged,trial_success_rate,hard_minus_medium,334,-0.365868,0.376689,-0.2,0.011976
RRT_Star,rugged,trial_success_rate,hard_minus_easy,334,-0.424551,0.400595,-0.4,0.0
RRT_Star,rugged,runtime_mean_sec,medium_minus_easy,334,-1.161352,0.665616,-1.032304,0.002994
RRT_Star,rugged,runtime_mean_sec,hard_minus_medium,334,-0.983008,0.690018,-0.857894,0.020958
RRT_Star,rugged,runtime_mean_sec,hard_minus_easy,334,-2.14436,0.896679,-2.026372,0.0
RRT_Star,rugged,weighted_cost_mean,medium_minus_easy,330,21.10003,14.662695,17.98529,1.0
RRT_Star,rugged,weighted_cost_mean,hard_minus_medium,263,12.493584,12.00704,8.31105,1.0
RRT_Star,rugged,weighted_cost_mean,hard_minus_easy,264,31.926148,16.073412,30.038044,1.0
RRT_Star,rugged,cost_ratio_to_astar_mean,medium_minus_easy,330,0.062074,0.237575,0.002085,0.551515
RRT_Star,rugged,cost_ratio_to_astar_mean,hard_minus_medium,263,-0.065656,0.233538,-0.000673,0.48289
RRT_Star,rugged,cost_ratio_to_astar_mean,hard_minus_easy,264,-0.001333,0.086973,0.000521,0.522727
RRT_Star,plateau,trial_success_rate,medium_minus_easy,334,0.0,0.0,0.0,0.0
RRT_Star,plateau,trial_success_rate,hard_minus_medium,334,0.0,0.0,0.0,0.0
RRT_Star,plateau,trial_success_rate,hard_minus_easy,334,0.0,0.0,0.0,0.0
RRT_Star,plateau,runtime_mean_sec,medium_minus_easy,334,0.055377,0.109018,0.066733,0.829341
RRT_Star,plateau,runtime_mean_sec,hard_minus_medium,334,0.032528,0.064899,0.039152,0.742515
RRT_Star,plateau,runtime_mean_sec,hard_minus_easy,334,0.087905,0.111973,0.094624,0.871257
RRT_Star,plateau,weighted_cost_mean,medium_minus_easy,334,1.939608,2.437328,0.897781,0.994012
RRT_Star,plateau,weighted_cost_mean,hard_minus_medium,334,2.472561,2.495669,1.741208,1.0
RRT_Star,plateau,weighted_cost_mean,hard_minus_easy,334,4.41217,3.480877,3.258805,1.0
RRT_Star,plateau,cost_ratio_to_astar_mean,medium_minus_easy,334,0.005838,0.044408,0.000524,0.553892
RRT_Star,plateau,cost_ratio_to_astar_mean,hard_minus_medium,334,-0.006512,0.044922,0.000648,0.568862
RRT_Star,plateau,cost_ratio_to_astar_mean,hard_minus_easy,334,-0.000674,0.030753,0.001134,0.571856
