family,metric,comparison,paired_groups,mean_delta,std_delta,median_delta,positive_delta_fraction
smooth_obstacles,relief_severity,medium_minus_easy,334,0.721992,0.161084,0.689066,1.0
smooth_obstacles,relief_severity,hard_minus_medium,334,1.636694,0.54642,1.486742,1.0
smooth_obstacles,relief_severity,hard_minus_easy,334,2.358685,0.691712,2.164025,1.0
smooth_obstacles,navigable_fraction,medium_minus_easy,334,-0.190108,0.006396,-0.189514,0.0
smooth_obstacles,navigable_fraction,hard_minus_medium,334,-0.12955,0.004677,-0.129578,0.0
smooth_obstacles,navigable_fraction,hard_minus_easy,334,-0.319658,0.006659,-0.320008,0.0
smooth_obstacles,mean_footprint_slope_degrees,medium_minus_easy,334,7.861041,1.010039,7.76815,1.0
smooth_obstacles,mean_footprint_slope_degrees,hard_minus_medium,334,10.367434,1.257398,10.31015,1.0
smooth_obstacles,mean_footprint_slope_degrees,hard_minus_easy,334,18.228475,2.01962,18.04665,1.0
smooth_obstacles,collision_boundary_density,medium_minus_easy,334,0.004736,0.002174,0.005137,0.988024
smooth_obstacles,collision_boundary_density,hard_minus_medium,334,-0.000178,0.001131,-0.000184,0.44012
smooth_obstacles,collision_boundary_density,hard_minus_easy,334,0.004558,0.002517,0.004613,0.964072
smooth_obstacles,connected_components,medium_minus_easy,334,1.946108,0.82205,2.0,0.967066
smooth_obstacles,connected_components,hard_minus_medium,334,0.682635,1.369289,1.0,0.505988
smooth_obstacles,connected_components,hard_minus_easy,334,2.628743,1.203054,3.0,0.958084
smooth_obstacles,largest_component_share,medium_minus_easy,334,-0.005675,0.016985,-0.010799,0.215569
smooth_obstacles,largest_component_share,hard_minus_medium,334,0.007663,0.006222,0.007916,0.889222
smooth_obstacles,largest_component_share,hard_minus_easy,334,0.001987,0.016632,-0.003859,0.254491
rolling,relief_severity,medium_minus_easy,334,1.152355,0.250383,1.235758,1.0
rolling,relief_severity,hard_minus_medium,334,0.917636,0.46104,0.86667,1.0
rolling,relief_severity,hard_minus_easy,334,2.069991,0.602167,2.097106,1.0
rolling,navigable_fraction,medium_minus_easy,334,-0.186037,0.024579,-0.189331,0.0
rolling,navigable_fraction,hard_minus_medium,334,-0.11873,0.041336,-0.127105,0.0
rolling,navigable_fraction,hard_minus_easy,334,-0.304767,0.039688,-0.3172,0.0
rolling,mean_footprint_slope_degrees,medium_minus_easy,334,9.671884,1.315501,9.86035,1.0
rolling,mean_footprint_slope_degrees,hard_minus_medium,334,5.786405,2.288584,5.87955,1.0
rolling,mean_footprint_slope_degrees,hard_minus_easy,334,15.45829,2.598453,15.7753,1.0
rolling,collision_boundary_density,medium_minus_easy,334,0.0153,0.006874,0.014918,0.994012
rolling,collision_boundary_density,hard_minus_medium,334,0.003337,0.004913,0.002615,0.769461
rolling,collision_boundary_density,hard_minus_easy,334,0.018637,0.007941,0.017963,1.0
rolling,connected_components,medium_minus_easy,334,10.164671,6.815885,9.0,0.961078
rolling,connected_components,hard_minus_medium,334,7.179641,8.645022,7.0,0.805389
rolling,connected_components,hard_minus_easy,334,17.344311,8.69113,17.0,0.988024
rolling,largest_component_share,medium_minus_easy,334,-0.021639,0.030844,-0.010615,0.137725
rolling,largest_component_share,hard_minus_medium,334,-0.041274,0.055631,-0.021441,0.260479
rolling,largest_component_share,hard_minus_easy,334,-0.062913,0.055958,-0.043163,0.047904
mountain,relief_severity,medium_minus_easy,334,0.472221,0.122306,0.46056,1.0
mountain,relief_severity,hard_minus_medium,334,0.359436,0.181631,0.346383,1.0
mountain,relief_severity,hard_minus_easy,334,0.831657,0.236922,0.796903,1.0
mountain,navigable_fraction,medium_minus_easy,334,-0.188118,0.012795,-0.190368,0.0
mountain,navigable_fraction,hard_minus_medium,334,-0.106433,0.037998,-0.120025,0.0
mountain,navigable_fraction,hard_minus_easy,334,-0.29455,0.036579,-0.310608,0.0
mountain,mean_footprint_slope_degrees,medium_minus_easy,334,9.432233,1.465802,9.46565,1.0
mountain,mean_footprint_slope_degrees,hard_minus_medium,334,5.463326,2.27119,5.78975,1.0
mountain,mean_footprint_slope_degrees,hard_minus_easy,334,14.895559,2.487295,14.84675,1.0
mountain,collision_boundary_density,medium_minus_easy,334,0.011606,0.005085,0.011658,0.98503
mountain,collision_boundary_density,hard_minus_medium,334,0.001073,0.003802,0.000923,0.631737
mountain,collision_boundary_density,hard_minus_easy,334,0.012679,0.005826,0.012426,0.982036
mountain,connected_components,medium_minus_easy,334,8.706587,6.210822,8.0,0.943114
mountain,connected_components,hard_minus_medium,334,5.332335,7.062167,5.0,0.778443
mountain,connected_components,hard_minus_easy,334,14.038922,7.483013,14.0,0.973054
mountain,largest_component_share,medium_minus_easy,334,-0.040888,0.041152,-0.024166,0.071856
mountain,largest_component_share,hard_minus_medium,334,-0.042432,0.057384,-0.023753,0.281437
mountain,largest_component_share,hard_minus_easy,334,-0.083321,0.060912,-0.072326,0.011976
rugged,relief_severity,medium_minus_easy,334,0.44219,0.102297,0.433858,1.0
rugged,relief_severity,hard_minus_medium,334,0.307245,0.153912,0.309155,1.0
rugged,relief_severity,hard_minus_easy,334,0.749435,0.197253,0.732949,1.0
rugged,navigable_fraction,medium_minus_easy,334,-0.183226,0.019161,-0.188263,0.0
rugged,navigable_fraction,hard_minus_medium,334,-0.105164,0.043408,-0.113312,0.0
rugged,navigable_fraction,hard_minus_easy,334,-0.28839,0.041396,-0.302154,0.0
rugged,mean_footprint_slope_degrees,medium_minus_easy,334,8.063915,1.343025,8.1802,1.0
rugged,mean_footprint_slope_degrees,hard_minus_medium,334,4.579981,2.091969,4.7805,1.0
rugged,mean_footprint_slope_degrees,hard_minus_easy,334,12.643896,2.385446,12.73185,1.0
rugged,collision_boundary_density,medium_minus_easy,334,0.022664,0.007538,0.023038,0.991018
rugged,collision_boundary_density,hard_minus_medium,334,-0.000478,0.005249,0.000308,0.523952
rugged,collision_boundary_density,hard_minus_easy,334,0.022185,0.009776,0.023345,0.976048
rugged,connected_components,medium_minus_easy,334,33.08982,10.323201,33.0,1.0
rugged,connected_components,hard_minus_medium,334,9.856287,13.155926,10.0,0.790419
rugged,connected_components,hard_minus_easy,334,42.946108,14.022829,44.0,1.0
rugged,largest_component_share,medium_minus_easy,334,-0.034755,0.035073,-0.023997,0.05988
rugged,largest_component_share,hard_minus_medium,334,-0.041707,0.053115,-0.021202,0.206587
rugged,largest_component_share,hard_minus_easy,334,-0.076462,0.056183,-0.060772,0.023952
plateau,relief_severity,medium_minus_easy,334,1.059097,0.488046,0.863323,1.0
plateau,relief_severity,hard_minus_medium,334,2.22852,0.67858,2.049055,1.0
plateau,relief_severity,hard_minus_easy,334,3.287617,1.089365,2.875991,1.0
plateau,navigable_fraction,medium_minus_easy,334,-0.064532,0.014421,-0.060303,0.0
plateau,navigable_fraction,hard_minus_medium,334,-0.050579,0.006286,-0.050354,0.0
plateau,navigable_fraction,hard_minus_easy,334,-0.115111,0.017207,-0.110474,0.0
plateau,mean_footprint_slope_degrees,medium_minus_easy,334,6.12544,1.146798,5.9541,1.0
plateau,mean_footprint_slope_degrees,hard_minus_medium,334,7.5771,0.906361,7.39635,1.0
plateau,mean_footprint_slope_degrees,hard_minus_easy,334,13.70254,1.501245,13.70245,1.0
plateau,collision_boundary_density,medium_minus_easy,334,-0.000546,0.000952,-0.000185,0.248503
plateau,collision_boundary_density,hard_minus_medium,334,-0.000345,0.001602,-0.000553,0.326347
plateau,collision_boundary_density,hard_minus_easy,334,-0.000891,0.002011,-0.000984,0.284431
plateau,connected_components,medium_minus_easy,334,0.646707,1.557999,0.0,0.344311
plateau,connected_components,hard_minus_medium,334,0.050898,1.536478,0.0,0.209581
plateau,connected_components,hard_minus_easy,334,0.697605,1.35174,0.0,0.392216
plateau,largest_component_share,medium_minus_easy,334,0.013843,0.017619,0.020691,0.844311
plateau,largest_component_share,hard_minus_medium,334,0.016183,0.004641,0.016706,1.0
plateau,largest_component_share,hard_minus_easy,334,0.030025,0.016632,0.036243,0.92515
