algorithm,family,difficulty,map_tasks,trials,successful_trials,trial_success_rate_percent,trial_success_rate_map_std_percent,maps_with_any_success_percent,maps_with_all_trials_success_percent,runtime_map_mean_sec,runtime_between_map_std_sec,path_length_3d_map_mean_m,path_length_3d_between_map_std_m,weighted_cost_map_mean,weighted_cost_between_map_std,cost_ratio_to_astar_map_mean,cost_ratio_to_astar_between_map_std,elevation_gain_map_mean_m,elevation_gain_between_map_std_m
BFS,smooth_obstacles,easy,334,334,334,100.0,0.0,100.0,100.0,0.102969,0.015531,32.757546,2.841777,35.852377,3.475144,1.050457,0.049339,2.167789,0.618269
BFS,smooth_obstacles,medium,334,334,334,100.0,0.0,100.0,100.0,0.084319,0.014863,36.392482,2.571931,38.372436,2.564195,1.030401,0.023515,1.829117,0.472167
BFS,smooth_obstacles,hard,334,334,334,100.0,0.0,100.0,100.0,0.06541,0.011969,40.69043,3.080071,42.658427,3.219759,1.026571,0.020596,1.975084,0.488011
BFS,rolling,easy,334,334,334,100.0,0.0,100.0,100.0,0.080848,0.020691,28.379562,7.292486,30.790432,8.068517,1.034337,0.036357,1.750311,0.759767
BFS,rolling,medium,334,334,334,100.0,0.0,100.0,100.0,0.063512,0.015982,38.933438,12.773791,44.111891,14.443645,1.043564,0.03039,3.221885,1.402709
BFS,rolling,hard,334,334,334,100.0,0.0,100.0,100.0,0.055999,0.014199,50.496183,12.150184,58.78263,14.240268,1.042554,0.027153,4.722161,1.701691
BFS,mountain,easy,334,334,334,100.0,0.0,100.0,100.0,0.083283,0.023576,30.10372,7.144885,32.933872,7.97177,1.036485,0.037604,1.900897,0.748922
BFS,mountain,medium,334,334,334,100.0,0.0,100.0,100.0,0.064623,0.015368,43.2168,11.931347,48.769487,13.428342,1.040657,0.026961,3.360261,1.206833
BFS,mountain,hard,334,334,334,100.0,0.0,100.0,100.0,0.054587,0.013081,52.442877,12.207274,60.134563,13.892009,1.040679,0.025718,4.42241,1.447147
BFS,rugged,easy,334,334,334,100.0,0.0,100.0,100.0,0.085622,0.023363,28.14988,7.402933,30.758246,8.068064,1.03562,0.028479,1.851372,0.66114
BFS,rugged,medium,334,334,334,100.0,0.0,100.0,100.0,0.070533,0.018528,44.768743,13.240263,50.383962,14.876066,1.039141,0.025512,3.553478,1.26941
BFS,rugged,hard,334,334,334,100.0,0.0,100.0,100.0,0.060356,0.015992,57.440423,12.182816,65.726545,13.940476,1.038993,0.019985,4.951697,1.399747
BFS,plateau,easy,334,334,334,100.0,0.0,100.0,100.0,0.085607,0.016137,30.109386,3.06786,30.569264,3.100255,1.014537,0.017474,0.665848,0.256186
BFS,plateau,medium,334,334,334,100.0,0.0,100.0,100.0,0.083219,0.016004,31.773666,2.910242,32.309692,2.919311,1.013226,0.01832,0.890588,0.282874
BFS,plateau,hard,334,334,334,100.0,0.0,100.0,100.0,0.081319,0.014106,33.510922,2.264047,35.242704,2.279989,1.021611,0.026977,1.688277,0.602961
Dijkstra,smooth_obstacles,easy,334,334,334,100.0,0.0,100.0,100.0,0.11343,0.012697,32.869292,2.787849,34.113181,2.67811,1.0,0.0,1.451926,0.297345
Dijkstra,smooth_obstacles,medium,334,334,334,100.0,0.0,100.0,100.0,0.083454,0.008572,36.26636,2.546727,37.240652,2.344829,1.0,0.0,1.315841,0.344299
Dijkstra,smooth_obstacles,hard,334,334,334,100.0,0.0,100.0,100.0,0.066042,0.008042,40.5287,3.062446,41.558189,3.087423,1.0,0.0,1.450131,0.41818
Dijkstra,rolling,easy,334,334,334,100.0,0.0,100.0,100.0,0.087195,0.020909,28.343912,7.269045,29.74092,7.620458,1.0,0.0,1.341008,0.617825
Dijkstra,rolling,medium,334,334,334,100.0,0.0,100.0,100.0,0.065615,0.014457,38.996011,12.835521,42.243952,13.713805,1.0,0.0,2.555128,1.206389
Dijkstra,rolling,hard,334,334,334,100.0,0.0,100.0,100.0,0.055695,0.00977,50.482256,12.179274,56.392151,13.605103,1.0,0.0,3.960328,1.575463
Dijkstra,mountain,easy,334,334,334,100.0,0.0,100.0,100.0,0.08717,0.019425,30.014315,7.021701,31.733824,7.414831,1.0,0.0,1.4668,0.594718
Dijkstra,mountain,medium,334,334,334,100.0,0.0,100.0,100.0,0.065494,0.011806,43.326131,12.026583,46.844199,12.765369,1.0,0.0,2.651867,1.004444
Dijkstra,mountain,hard,334,334,334,100.0,0.0,100.0,100.0,0.054268,0.009626,52.531589,12.20745,57.774023,13.264724,1.0,0.0,3.610074,1.294184
Dijkstra,rugged,easy,334,334,334,100.0,0.0,100.0,100.0,0.086952,0.020911,28.053012,7.310479,29.668741,7.628931,1.0,0.0,1.44617,0.537825
Dijkstra,rugged,medium,334,334,334,100.0,0.0,100.0,100.0,0.067548,0.014488,44.72693,13.215212,48.450023,14.139252,1.0,0.0,2.869599,1.061603
Dijkstra,rugged,hard,334,334,334,100.0,0.0,100.0,100.0,0.05795,0.01112,57.431699,12.156856,63.283977,13.476064,1.0,0.0,4.118055,1.312168
Dijkstra,plateau,easy,334,334,334,100.0,0.0,100.0,100.0,0.093313,0.013686,29.95687,3.015249,30.130833,2.992876,1.0,0.0,0.393235,0.201983
Dijkstra,plateau,medium,334,334,334,100.0,0.0,100.0,100.0,0.08826,0.011651,31.595023,2.817855,31.883307,2.775661,1.0,0.0,0.650272,0.259548
Dijkstra,plateau,hard,334,334,334,100.0,0.0,100.0,100.0,0.084497,0.009402,33.350133,2.207224,34.498124,2.045358,1.0,0.0,1.364876,0.525876
A_Star,smooth_obstacles,easy,334,334,334,100.0,0.0,100.0,100.0,0.033547,0.010441,32.869292,2.787849,34.113181,2.67811,1.0,0.0,1.451926,0.297345
A_Star,smooth_obstacles,medium,334,334,334,100.0,0.0,100.0,100.0,0.030825,0.007872,36.26636,2.546727,37.240652,2.344829,1.0,0.0,1.315841,0.344299
A_Star,smooth_obstacles,hard,334,334,334,100.0,0.0,100.0,100.0,0.032417,0.009027,40.5287,3.062446,41.558189,3.087423,1.0,0.0,1.450131,0.41818
A_Star,rolling,easy,334,334,334,100.0,0.0,100.0,100.0,0.027141,0.016434,28.343912,7.269045,29.74092,7.620458,1.0,0.0,1.341008,0.617825
A_Star,rolling,medium,334,334,334,100.0,0.0,100.0,100.0,0.039305,0.019401,38.996011,12.835521,42.243952,13.713805,1.0,0.0,2.555128,1.206389
A_Star,rolling,hard,334,334,334,100.0,0.0,100.0,100.0,0.043955,0.014178,50.482256,12.179274,56.392151,13.605103,1.0,0.0,3.960328,1.575463
A_Star,mountain,easy,334,334,334,100.0,0.0,100.0,100.0,0.031158,0.016419,30.014315,7.021701,31.733824,7.414831,1.0,0.0,1.4668,0.594718
A_Star,mountain,medium,334,334,334,100.0,0.0,100.0,100.0,0.044588,0.017366,43.326131,12.026583,46.844199,12.765369,1.0,0.0,2.651867,1.004444
A_Star,mountain,hard,334,334,334,100.0,0.0,100.0,100.0,0.044475,0.01358,52.531589,12.20745,57.774023,13.264724,1.0,0.0,3.610074,1.294184
A_Star,rugged,easy,334,334,334,100.0,0.0,100.0,100.0,0.027738,0.015916,28.053012,7.310479,29.668741,7.628931,1.0,0.0,1.44617,0.537825
A_Star,rugged,medium,334,334,334,100.0,0.0,100.0,100.0,0.046675,0.019616,44.72693,13.215212,48.450023,14.139252,1.0,0.0,2.869599,1.061603
A_Star,rugged,hard,334,334,334,100.0,0.0,100.0,100.0,0.050119,0.018578,57.431699,12.156856,63.283977,13.476064,1.0,0.0,4.118055,1.312168
A_Star,plateau,easy,334,334,334,100.0,0.0,100.0,100.0,0.018503,0.007554,29.95687,3.015249,30.130833,2.992876,1.0,0.0,0.393235,0.201983
A_Star,plateau,medium,334,334,334,100.0,0.0,100.0,100.0,0.021658,0.008247,31.595023,2.817855,31.883307,2.775661,1.0,0.0,0.650272,0.259548
A_Star,plateau,hard,334,334,334,100.0,0.0,100.0,100.0,0.027455,0.008216,33.350133,2.207224,34.498124,2.045358,1.0,0.0,1.364876,0.525876
PRM,smooth_obstacles,easy,334,1670,1670,100.0,0.0,100.0,100.0,0.117088,0.009393,34.607949,2.761019,36.226553,2.637663,1.062556,0.01761,1.585979,0.297764
PRM,smooth_obstacles,medium,334,1670,1670,100.0,0.0,100.0,100.0,0.112071,0.00998,38.456196,2.517753,39.848414,2.291395,1.070548,0.019212,1.548418,0.340832
PRM,smooth_obstacles,hard,334,1670,1669,99.94012,1.094351,100.0,99.700599,0.108227,0.008693,43.254196,3.484996,44.684367,3.53643,1.075137,0.024847,1.723218,0.378527
PRM,rolling,easy,334,1670,1669,99.94012,1.094351,100.0,99.700599,0.105063,0.002767,30.363578,7.888447,32.008886,8.319176,1.075957,0.04054,1.521401,0.637487
PRM,rolling,medium,334,1670,1570,94.011976,17.33125,99.101796,85.628743,0.10125,0.003002,43.232365,13.369279,47.114849,14.496087,1.138515,0.219557,2.941601,1.263637
PRM,rolling,hard,334,1670,1007,60.299401,38.514849,84.131737,36.826347,0.098056,0.002676,53.42925,12.549303,60.024448,14.140067,1.090596,0.059331,4.317813,1.619687
PRM,mountain,easy,334,1670,1668,99.88024,1.545321,100.0,99.401198,0.105198,0.004316,32.72522,7.865737,34.716344,8.353325,1.095272,0.092563,1.660247,0.612057
PRM,mountain,medium,334,1670,1513,90.598802,21.398566,97.904192,76.946108,0.101594,0.003477,47.891253,12.595213,51.886405,13.473148,1.127392,0.16887,2.99749,1.055499
PRM,mountain,hard,334,1670,919,55.02994,37.845494,81.137725,28.143713,0.099523,0.004338,55.486561,12.556809,61.257308,13.750828,1.083228,0.048132,3.945614,1.32886
PRM,rugged,easy,334,1670,1668,99.88024,1.545321,100.0,99.401198,0.108824,0.009376,31.459413,8.473949,33.430391,8.898028,1.129255,0.118596,1.704483,0.58218
PRM,rugged,medium,334,1670,1466,87.784431,23.337225,98.502994,70.958084,0.103971,0.008591,52.671576,13.482528,57.01736,14.505708,1.219806,0.317316,3.391042,1.0636
PRM,rugged,hard,334,1670,761,45.568862,38.579971,73.053892,22.754491,0.101033,0.007801,61.72796,12.892576,68.347699,14.393222,1.099363,0.078016,4.548215,1.26879
PRM,plateau,easy,334,1670,1670,100.0,0.0,100.0,100.0,0.108621,0.008368,32.658649,2.909208,32.825577,2.915705,1.092988,0.072969,0.412389,0.130899
PRM,plateau,medium,334,1670,1670,100.0,0.0,100.0,100.0,0.109105,0.008181,34.3365,2.541898,34.695554,2.483267,1.093893,0.106854,0.761624,0.260247
PRM,plateau,hard,334,1670,1670,100.0,0.0,100.0,100.0,0.108624,0.00834,35.826153,2.664377,37.27219,2.52439,1.080516,0.039932,1.6019,0.526893
RRT_Connect,smooth_obstacles,easy,334,1670,1670,100.0,0.0,100.0,100.0,0.001861,0.000883,41.818336,4.245141,47.08457,4.766756,1.382706,0.121279,3.203985,0.524465
RRT_Connect,smooth_obstacles,medium,334,1670,1670,100.0,0.0,100.0,100.0,0.003106,0.001423,48.879094,4.875985,53.176608,5.06506,1.429846,0.129519,3.119948,0.454425
RRT_Connect,smooth_obstacles,hard,334,1670,1670,100.0,0.0,100.0,100.0,0.005785,0.004811,54.33742,5.446576,58.527721,5.624058,1.409408,0.10653,3.284937,0.501551
RRT_Connect,rolling,easy,334,1670,1670,100.0,0.0,100.0,100.0,0.002228,0.00259,37.60332,12.494138,40.411872,13.569233,1.350195,0.279105,2.205667,0.959855
RRT_Connect,rolling,medium,334,1670,1643,98.383234,8.261301,100.0,95.808383,0.028835,0.064575,54.352143,17.944372,60.597669,19.978264,1.449686,0.348108,4.19049,1.648141
RRT_Connect,rolling,hard,334,1670,1299,77.784431,33.867809,91.017964,62.57485,0.145865,0.152043,65.709546,15.074361,75.173217,17.28749,1.363531,0.115681,5.757006,1.81028
RRT_Connect,mountain,easy,334,1670,1670,100.0,0.0,100.0,100.0,0.003278,0.003804,41.418393,12.419771,44.645819,13.490428,1.408029,0.33119,2.432568,0.93478
RRT_Connect,mountain,medium,334,1670,1620,97.005988,14.057581,99.101796,94.011976,0.042314,0.085635,59.9514,16.1897,66.43683,17.842736,1.442875,0.291374,4.324346,1.383954
RRT_Connect,mountain,hard,334,1670,1243,74.431138,33.443149,91.616766,52.994012,0.169801,0.155674,68.446368,15.037945,77.286021,16.792517,1.357819,0.087995,5.468156,1.526346
RRT_Connect,rugged,easy,334,1670,1670,100.0,0.0,100.0,100.0,0.004031,0.004466,40.722471,13.203543,43.821522,14.031908,1.48076,0.362621,2.455437,0.863241
RRT_Connect,rugged,medium,334,1670,1594,95.449102,15.055716,99.401198,88.622754,0.061226,0.086466,64.583707,15.98354,71.269862,17.677254,1.533297,0.432656,4.673663,1.374465
RRT_Connect,rugged,hard,334,1670,1091,65.329341,37.155374,86.526946,41.616766,0.193221,0.142265,74.637488,14.242386,84.199321,16.142751,1.352622,0.110371,6.067662,1.423566
RRT_Connect,plateau,easy,334,1670,1670,100.0,0.0,100.0,100.0,0.001507,0.000577,37.309846,5.100228,37.80169,5.195769,1.254593,0.122484,0.729197,0.244337
RRT_Connect,plateau,medium,334,1670,1670,100.0,0.0,100.0,100.0,0.002065,0.001053,41.116788,5.87489,41.751526,5.898564,1.308039,0.135541,1.077663,0.29999
RRT_Connect,plateau,hard,334,1670,1670,100.0,0.0,100.0,100.0,0.002639,0.001482,44.433151,6.194361,46.534829,6.168017,1.347253,0.147117,2.143486,0.63605
RRT_Star,smooth_obstacles,easy,334,1670,1670,100.0,0.0,100.0,100.0,4.843807,0.390236,33.19482,2.796815,34.453776,2.671587,1.010071,0.004774,1.445824,0.289893
RRT_Star,smooth_obstacles,medium,334,1670,1670,100.0,0.0,100.0,100.0,4.642104,0.363515,36.547381,2.533986,37.564461,2.322362,1.008775,0.003882,1.339422,0.332466
RRT_Star,smooth_obstacles,hard,334,1670,1670,100.0,0.0,100.0,100.0,4.423566,0.379037,40.930821,3.136598,42.001767,3.161819,1.010802,0.021322,1.479846,0.40484
RRT_Star,rolling,easy,334,1670,1670,100.0,0.0,100.0,100.0,4.370205,0.142642,28.731212,7.491855,30.17629,7.854881,1.013733,0.017597,1.377099,0.608986
RRT_Star,rolling,medium,334,1670,1626,97.365269,12.214479,99.401198,94.011976,3.609482,0.589676,40.021176,12.65753,43.399867,13.631698,1.038908,0.115146,2.650856,1.232468
RRT_Star,rolling,hard,334,1670,1204,72.095808,36.281057,88.323353,53.293413,2.553629,0.925132,50.222493,11.868049,56.211966,13.423744,1.021003,0.039912,3.987099,1.609641
RRT_Star,mountain,easy,334,1670,1670,100.0,0.0,100.0,100.0,4.259374,0.231689,30.601584,7.275371,32.404016,7.701528,1.021298,0.058913,1.519393,0.598842
RRT_Star,mountain,medium,334,1670,1618,96.886228,13.859189,99.101796,93.113772,3.406698,0.537329,44.395788,12.064158,48.014104,12.864926,1.033744,0.095983,2.73235,1.023724
RRT_Star,mountain,hard,334,1670,1177,70.479042,35.502542,88.622754,48.203593,2.448529,0.833631,52.373809,11.680755,57.609038,12.698232,1.019916,0.032627,3.612326,1.23197
RRT_Star,rugged,easy,334,1670,1670,100.0,0.0,100.0,100.0,4.270669,0.33487,28.872823,7.680089,30.566257,8.01838,1.030186,0.058804,1.509513,0.540827
RRT_Star,rugged,medium,334,1670,1572,94.131737,18.314749,98.802395,88.023952,3.109317,0.706041,47.813561,13.229741,51.725638,14.196698,1.092444,0.22714,3.052964,1.058017
RRT_Star,rugged,hard,334,1670,961,57.54491,40.059521,79.041916,36.826347,2.126309,0.903987,57.270137,12.135499,63.135536,13.439578,1.028176,0.062616,4.120735,1.22195
RRT_Star,plateau,easy,334,1670,1670,100.0,0.0,100.0,100.0,4.210082,0.321674,30.340352,2.969324,30.508245,2.961957,1.012987,0.022379,0.400207,0.166106
RRT_Star,plateau,medium,334,1670,1670,100.0,0.0,100.0,100.0,4.26546,0.331163,32.150943,2.723311,32.447853,2.692656,1.018825,0.039445,0.671525,0.251447
RRT_Star,plateau,hard,334,1670,1670,100.0,0.0,100.0,100.0,4.297988,0.332841,33.726107,2.297911,34.920415,2.136947,1.012312,0.02009,1.405471,0.515391
